"FileName","Status","DirectorySize","BlobSize","DirectorySHA256","BlobSHA256","Extension"
"Exhibit001.jpg","IN_SYNC","73087","73087","8E63E4F7E9020C36D4CAA71451DF42473FBDB0B153B5DD5F3360CFA3DB37AA66","8E63E4F7E9020C36D4CAA71451DF42473FBDB0B153B5DD5F3360CFA3DB37AA66",".jpg"
"Exhibit001.mp4","IN_SYNC","50786667","50786667","A4D8DD0E36806052B1FD9A06DB9AB89A01E1F8AE86EB012EAFB855D81E4538CE","A4D8DD0E36806052B1FD9A06DB9AB89A01E1F8AE86EB012EAFB855D81E4538CE",".mp4"
"Exhibit002.jpg","IN_SYNC","121338","121338","9610C6B7FE9E082664F9207E8D0A4DEA32751C6929BA4FF55A50CB834D2EA92A","9610C6B7FE9E082664F9207E8D0A4DEA32751C6929BA4FF55A50CB834D2EA92A",".jpg"
"Exhibit002.mp4","IN_SYNC","7468883","7468883","98529E31BAAB68375FA4975653FA37035465C8CA00EC3D79375CA3F59BE42FF0","98529E31BAAB68375FA4975653FA37035465C8CA00EC3D79375CA3F59BE42FF0",".mp4"
"Exhibit003.jpg","IN_SYNC","37917","37917","5283EFBFA4A7024CD114C57EEE771B0E1D7A915704BD06C99C5AAADA423BB10C","5283EFBFA4A7024CD114C57EEE771B0E1D7A915704BD06C99C5AAADA423BB10C",".jpg"
"Exhibit003.mp4","IN_SYNC","19540607","19540607","27CDA724DD8153CF8FAF4C96740AAF0A6D0F435F5854E078A24785D56C686BE2","27CDA724DD8153CF8FAF4C96740AAF0A6D0F435F5854E078A24785D56C686BE2",".mp4"
"Image001.jpeg","IN_SYNC","76218","76218","5ED6A6FCDDBD5B4B39925E87C25C5478D1B578A8F3BCB897B23BA28A8D3F63D8","5ED6A6FCDDBD5B4B39925E87C25C5478D1B578A8F3BCB897B23BA28A8D3F63D8",".jpeg"
"Image002.jpeg","IN_SYNC","151938","151938","4E7B7E034A8F9A169DE49D240986CF52455DD42A02719B88B37626B34D9CCE76","4E7B7E034A8F9A169DE49D240986CF52455DD42A02719B88B37626B34D9CCE76",".jpeg"
"Image003.jpeg","IN_SYNC","269366","269366","654CF9DEB310867B896256DA97361FB6C5197C28552617BE75DF167DA5C5215E","654CF9DEB310867B896256DA97361FB6C5197C28552617BE75DF167DA5C5215E",".jpeg"
"Image004.jpeg","IN_SYNC","108453","108453","28FE2EC96848E465D2E2274AF22D1ABBF9F45DFDB5991E1F3396E86227972E85","28FE2EC96848E465D2E2274AF22D1ABBF9F45DFDB5991E1F3396E86227972E85",".jpeg"
"Image005.jpeg","IN_SYNC","273789","273789","621F91F69ED2348B1E0CF6585BE1C85E8D789065776181DD74AC32D25C31B413","621F91F69ED2348B1E0CF6585BE1C85E8D789065776181DD74AC32D25C31B413",".jpeg"
"Image006.jpeg","IN_SYNC","281921","281921","A50C9253982418E6408BB03DB08A4C3A2167AECDD8B5C750DEDB304614A249F6","A50C9253982418E6408BB03DB08A4C3A2167AECDD8B5C750DEDB304614A249F6",".jpeg"
"Video001.jpg","IN_SYNC","90708","90708","28B3B7F5FD6120DC0685B9DEB4B1729F28D7077C2F5483F2844C94D3F0CEE72C","28B3B7F5FD6120DC0685B9DEB4B1729F28D7077C2F5483F2844C94D3F0CEE72C",".jpg"
"Video001.mp4","IN_SYNC","3866613","3866613","AB19ECDD6C81841459DAB658C6439A9289625E409891E06200B6EBB0E6AD45FD","AB19ECDD6C81841459DAB658C6439A9289625E409891E06200B6EBB0E6AD45FD",".mp4"
"Video002.jpg","IN_SYNC","52542","52542","A194C708109A2832F0B4875FC31881AF89F5B7FA1852951B7A15505EA420F971","A194C708109A2832F0B4875FC31881AF89F5B7FA1852951B7A15505EA420F971",".jpg"
"Video002.mp4","IN_SYNC","2604876","2604876","98029952247669E415080E294B3836E16801D4553994B722CC938FF7A2BFD9BF","98029952247669E415080E294B3836E16801D4553994B722CC938FF7A2BFD9BF",".mp4"
"Video003.jpg","IN_SYNC","70230","70230","351A7AAFE5CF961BCD07AC9ACCA4B58E64374EF9F37BEA6D14D2A0A9D5CBF320","351A7AAFE5CF961BCD07AC9ACCA4B58E64374EF9F37BEA6D14D2A0A9D5CBF320",".jpg"
"Video003.mp4","IN_SYNC","3181392","3181392","369EFF2BDB4E5DF8A33B9CDB583C0D3D4CD25032A50BA0A5E5A0132C1C67A5F7","369EFF2BDB4E5DF8A33B9CDB583C0D3D4CD25032A50BA0A5E5A0132C1C67A5F7",".mp4"
"Video004.jpg","IN_SYNC","100345","100345","DD4703580A55148D9326355C4DCEBAB46F3A819195AE3970335D0F3BACE192B8","DD4703580A55148D9326355C4DCEBAB46F3A819195AE3970335D0F3BACE192B8",".jpg"
"Video004.mp4","IN_SYNC","2588529","2588529","0504BD3AF762B05428AAE9056E0BC26C2EC00D5C6D08DF357C20C48E180F9165","0504BD3AF762B05428AAE9056E0BC26C2EC00D5C6D08DF357C20C48E180F9165",".mp4"
"Video005.jpg","IN_SYNC","121692","121692","8A4F9E48B8B37D8C7B67FBCEF0F04A5A167FC2EB6ED42BDC8F8B2E9B105504AD","8A4F9E48B8B37D8C7B67FBCEF0F04A5A167FC2EB6ED42BDC8F8B2E9B105504AD",".jpg"
"Video005.mp4","IN_SYNC","3889458","3889458","04CAB70CAE57CB48C3DDE7C10E6E0EA86110413978912F678CAECAA11ECF5233","04CAB70CAE57CB48C3DDE7C10E6E0EA86110413978912F678CAECAA11ECF5233",".mp4"
"Video006.jpg","IN_SYNC","110088","110088","8F685292AA240FF65B5775CDB2F344D48B5BB511C314444459031270A5B42269","8F685292AA240FF65B5775CDB2F344D48B5BB511C314444459031270A5B42269",".jpg"
"Video006.mp4","IN_SYNC","5294515","5294515","EE8656AAE982CC5AEC909D8DEDE36A57A63FCC7B847AC95484A0184823A4F1A9","EE8656AAE982CC5AEC909D8DEDE36A57A63FCC7B847AC95484A0184823A4F1A9",".mp4"
"Video007.jpg","IN_SYNC","82585","82585","9F2CC3675702C7F4832089B5BF06F2A7B8A8973B797BEF45F48ACAB62EE9F3A3","9F2CC3675702C7F4832089B5BF06F2A7B8A8973B797BEF45F48ACAB62EE9F3A3",".jpg"
"Video007.mp4","IN_SYNC","9754322","9754322","C58CC839D1E6A8985997D9D42C664F00F9A6151408CCFBCD6141B507E966D7C2","C58CC839D1E6A8985997D9D42C664F00F9A6151408CCFBCD6141B507E966D7C2",".mp4"
"Video008.jpg","IN_SYNC","62482","62482","8728F3C5DE38E64B8BC7CC3DDB5E2F11F194E9871C7C450AAC2BD4112BF6A2E9","8728F3C5DE38E64B8BC7CC3DDB5E2F11F194E9871C7C450AAC2BD4112BF6A2E9",".jpg"
"Video008.mp4","IN_SYNC","5497027","5497027","43B6A219C9649249A3CCFA9BFE910C539202B5E398B0E7FF2B5F47D1D5832706","43B6A219C9649249A3CCFA9BFE910C539202B5E398B0E7FF2B5F47D1D5832706",".mp4"
"Video009.jpg","IN_SYNC","114368","114368","CC9123D144A76EA722E19507DB98EEA5980EF0D00B9DD7ADE8881F65F748F719","CC9123D144A76EA722E19507DB98EEA5980EF0D00B9DD7ADE8881F65F748F719",".jpg"
"Video009.mp4","IN_SYNC","4170360","4170360","0083CAF23379474294EE8F3C9C6763B0ADBB196AD4568386E6CAA996EFED98A8","0083CAF23379474294EE8F3C9C6763B0ADBB196AD4568386E6CAA996EFED98A8",".mp4"
"Video010.jpg","IN_SYNC","96576","96576","8E889EDD1769B8BAFC72D0FB0986E86D06A1DFE91BD79AEB59C99F2C486FDBD0","8E889EDD1769B8BAFC72D0FB0986E86D06A1DFE91BD79AEB59C99F2C486FDBD0",".jpg"
"Video010.mp4","IN_SYNC","4839609","4839609","AEBAAC9F350A4C537C240276A4F6894FDA4EFB5DC99436B115EAB3F6ACBF8C94","AEBAAC9F350A4C537C240276A4F6894FDA4EFB5DC99436B115EAB3F6ACBF8C94",".mp4"
"Video011.jpg","IN_SYNC","158644","158644","C566102302F183845898A3238605478112CCBBD01F194A68701DC5513AF0CB25","C566102302F183845898A3238605478112CCBBD01F194A68701DC5513AF0CB25",".jpg"
"Video011.mp4","IN_SYNC","6602379","6602379","4815B6E96274F5F33887A9E7A5BFB167F73B2102D14C64BD703B7A3218320E2A","4815B6E96274F5F33887A9E7A5BFB167F73B2102D14C64BD703B7A3218320E2A",".mp4"
"Video012.jpg","IN_SYNC","58316","58316","B5BFE24616081248E14F591E3CC432C189D1B0E02E5B151E1EA80B95933EA0C6","B5BFE24616081248E14F591E3CC432C189D1B0E02E5B151E1EA80B95933EA0C6",".jpg"
"Video012.mp4","IN_SYNC","4718080","4718080","7B8260AFDACECD944A9C5C1997BB96FAFED59D5761C406D8E8E77A0D0126FC90","7B8260AFDACECD944A9C5C1997BB96FAFED59D5761C406D8E8E77A0D0126FC90",".mp4"
"Video013.jpg","IN_SYNC","63588","63588","A82EDDCD1B371F096689F5B336173734253A8CBDA27F799266EDC62D76E66F27","A82EDDCD1B371F096689F5B336173734253A8CBDA27F799266EDC62D76E66F27",".jpg"
"Video013.mp4","IN_SYNC","1832652","1832652","36B766346CE899540EA1615733D06A13744F6D22F09EEBD282520F75CBBE159D","36B766346CE899540EA1615733D06A13744F6D22F09EEBD282520F75CBBE159D",".mp4"
"Video014.jpg","IN_SYNC","52350","52350","35B06315A6B111E7506BE6C7A6CE0CF9FF536E7D97C3A8562B5BFBCFBB8E59EE","35B06315A6B111E7506BE6C7A6CE0CF9FF536E7D97C3A8562B5BFBCFBB8E59EE",".jpg"
"Video014.mp4","IN_SYNC","5521403","5521403","8DFC113005169E91098BFAF6E863AF0758809E3B372BE160B489C8CC8AEA8A78","8DFC113005169E91098BFAF6E863AF0758809E3B372BE160B489C8CC8AEA8A78",".mp4"
"Video015.jpg","IN_SYNC","63323","63323","5E404394B1EC8450ED54DC2BEAB58D1CDA09B1054F6F3F61DD06C88D3F62FD75","5E404394B1EC8450ED54DC2BEAB58D1CDA09B1054F6F3F61DD06C88D3F62FD75",".jpg"
"Video015.mp4","IN_SYNC","4429622","4429622","61DE23E002997C8A251155E1A68A6270763B80A414AA7E7A1076867FF689343D","61DE23E002997C8A251155E1A68A6270763B80A414AA7E7A1076867FF689343D",".mp4"
"Video016.jpg","IN_SYNC","42483","42483","084B9D277522743EE5AA45AC48D761D5667ADDC58063C97ABFCFC7DC8418AAB5","084B9D277522743EE5AA45AC48D761D5667ADDC58063C97ABFCFC7DC8418AAB5",".jpg"
"Video016.mp4","IN_SYNC","5863931","5863931","B1DA29C332CAA97DBD31C7EA2F3CC71271F0164D9508947B58AE56438F7D640F","B1DA29C332CAA97DBD31C7EA2F3CC71271F0164D9508947B58AE56438F7D640F",".mp4"
"Video017.jpg","IN_SYNC","65669","65669","AA9F59F441A6F1476E5EE78716895B9CD563E64393C676AEAA9DDC6068F8C335","AA9F59F441A6F1476E5EE78716895B9CD563E64393C676AEAA9DDC6068F8C335",".jpg"
"Video017.mp4","IN_SYNC","3114412","3114412","70BB982F60ECD20350C5BDC05EB77D2CD126428DB9B746F3559B2D75F913335D","70BB982F60ECD20350C5BDC05EB77D2CD126428DB9B746F3559B2D75F913335D",".mp4"
"Video018.jpg","IN_SYNC","172008","172008","75A273C67A69DDFA38D10B4CCF5437D729583474A6AA445D18E5384000CE0DAA","75A273C67A69DDFA38D10B4CCF5437D729583474A6AA445D18E5384000CE0DAA",".jpg"
"Video018.mp4","IN_SYNC","9123356","9123356","1BD0FFB706709D7FFD5EC5A9DB2569C9C9DFF37B9DFD5F476B627B48ED428F39","1BD0FFB706709D7FFD5EC5A9DB2569C9C9DFF37B9DFD5F476B627B48ED428F39",".mp4"
"Video019.jpg","IN_SYNC","65669","65669","AA9F59F441A6F1476E5EE78716895B9CD563E64393C676AEAA9DDC6068F8C335","AA9F59F441A6F1476E5EE78716895B9CD563E64393C676AEAA9DDC6068F8C335",".jpg"
"Video019.mp4","IN_SYNC","3114412","3114412","70BB982F60ECD20350C5BDC05EB77D2CD126428DB9B746F3559B2D75F913335D","70BB982F60ECD20350C5BDC05EB77D2CD126428DB9B746F3559B2D75F913335D",".mp4"
"Video020.jpg","IN_SYNC","31830","31830","F1466BFEB286FF56469C906CA70699B1CBE841561A78D24AD39568728EB2240B","F1466BFEB286FF56469C906CA70699B1CBE841561A78D24AD39568728EB2240B",".jpg"
"Video020.mp4","IN_SYNC","2565569","2565569","EFB38492A6D1FFF7BCA5E6F7F5F91873E4534448FA1A2BDA3367D70CB8417F03","EFB38492A6D1FFF7BCA5E6F7F5F91873E4534448FA1A2BDA3367D70CB8417F03",".mp4"
"Video021.jpg","IN_SYNC","71906","71906","1D92EBC051208CADDC8992A5C2807392E17A7DD30B35CC90BF7D3B7FE14F3B02","1D92EBC051208CADDC8992A5C2807392E17A7DD30B35CC90BF7D3B7FE14F3B02",".jpg"
"Video021.mp4","IN_SYNC","3806752","3806752","2BD91B8195866610D4B0B380BFE9ACC1D8A0A5A8F2740BEE693C3DE298E90142","2BD91B8195866610D4B0B380BFE9ACC1D8A0A5A8F2740BEE693C3DE298E90142",".mp4"
"Video022.jpg","IN_SYNC","55654","55654","E7FC71F639F17AC50E4DCC8C7D9E8F6F49747E2774CF47A419BA0122834D6138","E7FC71F639F17AC50E4DCC8C7D9E8F6F49747E2774CF47A419BA0122834D6138",".jpg"
"Video022.mp4","IN_SYNC","3996528","3996528","13CE59E2FEB8F9FF242EBC9D824A3D4074C0A993F3DF43A8F2A13069CA87B0C9","13CE59E2FEB8F9FF242EBC9D824A3D4074C0A993F3DF43A8F2A13069CA87B0C9",".mp4"
"Video023.jpg","IN_SYNC","60079","60079","875390E683D29B48E7331154AD7AA3FE346CDAA3DFC47EE5B6BD86F70B090F24","875390E683D29B48E7331154AD7AA3FE346CDAA3DFC47EE5B6BD86F70B090F24",".jpg"
"Video023.mp4","IN_SYNC","2509307","2509307","1BF061D0B53250F58108136C8F680B116B20C9899CA7EAFF2E14787D82B65EB0","1BF061D0B53250F58108136C8F680B116B20C9899CA7EAFF2E14787D82B65EB0",".mp4"
"Video024.jpg","IN_SYNC","31663","31663","AC89F8D81EA1135A65C45A0E836831055726D75008F34BEFDB4CD5449DD59718","AC89F8D81EA1135A65C45A0E836831055726D75008F34BEFDB4CD5449DD59718",".jpg"
"Video024.mp4","IN_SYNC","1451182","1451182","0E00964C7D4964A8AFAB4DACBEFA877D440C3EFC7A5658CAFFEECABA4E909A5B","0E00964C7D4964A8AFAB4DACBEFA877D440C3EFC7A5658CAFFEECABA4E909A5B",".mp4"
"Video025.jpg","IN_SYNC","62095","62095","63B9AA10AEADEE1AD9ECF770D2C097A9CB20BDB5F63E3915F30A4788903B5906","63B9AA10AEADEE1AD9ECF770D2C097A9CB20BDB5F63E3915F30A4788903B5906",".jpg"
"Video025.mp4","IN_SYNC","4613704","4613704","82AD242405C4021BAD26EE2DB4F50E7F1976AC54792A75212D4B4A7AA2507F25","82AD242405C4021BAD26EE2DB4F50E7F1976AC54792A75212D4B4A7AA2507F25",".mp4"
"Video026.jpg","IN_SYNC","70818","70818","D9EFE2B33F9A0E18DD592A465F08D9F42E4CFE2B7C6F61F63143C24F96B32005","D9EFE2B33F9A0E18DD592A465F08D9F42E4CFE2B7C6F61F63143C24F96B32005",".jpg"
"Video026.mp4","IN_SYNC","2858642","2858642","B00C69C74A741FB8493F4971A07C405F6D045421E80E6727CDEEBB162E9071A5","B00C69C74A741FB8493F4971A07C405F6D045421E80E6727CDEEBB162E9071A5",".mp4"
"Video027.jpg","IN_SYNC","80379","80379","5D8E6DBDC1C8DCF9C8FD5F139B27AF102DD024B098519F9E35E3212FAA6620D2","5D8E6DBDC1C8DCF9C8FD5F139B27AF102DD024B098519F9E35E3212FAA6620D2",".jpg"
"Video027.mp4","IN_SYNC","3951714","3951714","26BC5BA1DBBBF8EC05F220B9EBCF5631D8A1481F178D96E93AAF9B3F05579B48","26BC5BA1DBBBF8EC05F220B9EBCF5631D8A1481F178D96E93AAF9B3F05579B48",".mp4"
