"CacheKey","SHA256"
"Video011.jpg|158644|639162181144138101","C566102302F183845898A3238605478112CCBBD01F194A68701DC5513AF0CB25"
"Video025.jpg|62095|639162199013321211","63B9AA10AEADEE1AD9ECF770D2C097A9CB20BDB5F63E3915F30A4788903B5906"
"Video006.jpg|110088|639162198851651069","8F685292AA240FF65B5775CDB2F344D48B5BB511C314444459031270A5B42269"
"Image002.jpeg|151938|639162198810090765","4E7B7E034A8F9A169DE49D240986CF52455DD42A02719B88B37626B34D9CCE76"
"Video001.mp4|3866613|639162198825903010","AB19ECDD6C81841459DAB658C6439A9289625E409891E06200B6EBB0E6AD45FD"
"Exhibit003.jpg|37917|639162198778631070","5283EFBFA4A7024CD114C57EEE771B0E1D7A915704BD06C99C5AAADA423BB10C"
"Video023.jpg|60079|639162199003278088","875390E683D29B48E7331154AD7AA3FE346CDAA3DFC47EE5B6BD86F70B090F24"
"Video025.mp4|4613704|639161770914314004","82AD242405C4021BAD26EE2DB4F50E7F1976AC54792A75212D4B4A7AA2507F25"
"Video013.mp4|1832652|639162102139953250","36B766346CE899540EA1615733D06A13744F6D22F09EEBD282520F75CBBE159D"
"Video017.mp4|3114412|639162102169207979","70BB982F60ECD20350C5BDC05EB77D2CD126428DB9B746F3559B2D75F913335D"
"Video015.jpg|63323|639162198936067214","5E404394B1EC8450ED54DC2BEAB58D1CDA09B1054F6F3F61DD06C88D3F62FD75"
"Video010.jpg|96576|639162181143068140","8E889EDD1769B8BAFC72D0FB0986E86D06A1DFE91BD79AEB59C99F2C486FDBD0"
"Exhibit003.jpg|37917|639162181134318885","5283EFBFA4A7024CD114C57EEE771B0E1D7A915704BD06C99C5AAADA423BB10C"
"Video007.mp4|9754322|639161715785562120","C58CC839D1E6A8985997D9D42C664F00F9A6151408CCFBCD6141B507E966D7C2"
"Video015.mp4|4429622|639162198943521355","61DE23E002997C8A251155E1A68A6270763B80A414AA7E7A1076867FF689343D"
"Exhibit001.mp4|50786667|639162198764104509","A4D8DD0E36806052B1FD9A06DB9AB89A01E1F8AE86EB012EAFB855D81E4538CE"
"Video024.mp4|1451182|639162199012305911","0E00964C7D4964A8AFAB4DACBEFA877D440C3EFC7A5658CAFFEECABA4E909A5B"
"Video019.mp4|3114412|639162102187303986","70BB982F60ECD20350C5BDC05EB77D2CD126428DB9B746F3559B2D75F913335D"
"Exhibit002.mp4|7468883|639161716344765228","98529E31BAAB68375FA4975653FA37035465C8CA00EC3D79375CA3F59BE42FF0"
"Video003.mp4|3181392|639161716222685618","369EFF2BDB4E5DF8A33B9CDB583C0D3D4CD25032A50BA0A5E5A0132C1C67A5F7"
"Image005.jpeg|273789|639162198815738409","621F91F69ED2348B1E0CF6585BE1C85E8D789065776181DD74AC32D25C31B413"
"Video025.mp4|4613704|639162199021697969","82AD242405C4021BAD26EE2DB4F50E7F1976AC54792A75212D4B4A7AA2507F25"
"Video022.jpg|55654|639162198996461474","E7FC71F639F17AC50E4DCC8C7D9E8F6F49747E2774CF47A419BA0122834D6138"
"Image004.jpeg|108453|639162198813581371","28FE2EC96848E465D2E2274AF22D1ABBF9F45DFDB5991E1F3396E86227972E85"
"Exhibit001.jpg|73087|639162198686644404","8E63E4F7E9020C36D4CAA71451DF42473FBDB0B153B5DD5F3360CFA3DB37AA66"
"Video018.jpg|172008|639162198962025340","75A273C67A69DDFA38D10B4CCF5437D729583474A6AA445D18E5384000CE0DAA"
"Video027.mp4|3951714|639161771371031911","26BC5BA1DBBBF8EC05F220B9EBCF5631D8A1481F178D96E93AAF9B3F05579B48"
"Video021.jpg|71906|639162181151965909","1D92EBC051208CADDC8992A5C2807392E17A7DD30B35CC90BF7D3B7FE14F3B02"
"Video026.mp4|2858642|639161771312548854","B00C69C74A741FB8493F4971A07C405F6D045421E80E6727CDEEBB162E9071A5"
"Video005.jpg|121692|639162181138259318","8A4F9E48B8B37D8C7B67FBCEF0F04A5A167FC2EB6ED42BDC8F8B2E9B105504AD"
"Video027.jpg|80379|639162199028722090","5D8E6DBDC1C8DCF9C8FD5F139B27AF102DD024B098519F9E35E3212FAA6620D2"
"Video021.mp4|3806752|639162198995550069","2BD91B8195866610D4B0B380BFE9ACC1D8A0A5A8F2740BEE693C3DE298E90142"
"Video020.jpg|31830|639162181151143371","F1466BFEB286FF56469C906CA70699B1CBE841561A78D24AD39568728EB2240B"
"Video004.mp4|2588529|639161771530955962","0504BD3AF762B05428AAE9056E0BC26C2EC00D5C6D08DF357C20C48E180F9165"
"Video016.jpg|42483|639162198944457047","084B9D277522743EE5AA45AC48D761D5667ADDC58063C97ABFCFC7DC8418AAB5"
"Video020.jpg|31830|639162198983410566","F1466BFEB286FF56469C906CA70699B1CBE841561A78D24AD39568728EB2240B"
"Video001.jpg|90708|639162198818945007","28B3B7F5FD6120DC0685B9DEB4B1729F28D7077C2F5483F2844C94D3F0CEE72C"
"Video019.jpg|65669|639162198976530486","AA9F59F441A6F1476E5EE78716895B9CD563E64393C676AEAA9DDC6068F8C335"
"Video021.jpg|71906|639162198989727318","1D92EBC051208CADDC8992A5C2807392E17A7DD30B35CC90BF7D3B7FE14F3B02"
"Video017.mp4|3114412|639162198960611054","70BB982F60ECD20350C5BDC05EB77D2CD126428DB9B746F3559B2D75F913335D"
"Image003.jpeg|269366|639162198811935766","654CF9DEB310867B896256DA97361FB6C5197C28552617BE75DF167DA5C5215E"
"Video008.mp4|5497027|639162198884896638","43B6A219C9649249A3CCFA9BFE910C539202B5E398B0E7FF2B5F47D1D5832706"
"Video015.jpg|63323|639162181147233141","5E404394B1EC8450ED54DC2BEAB58D1CDA09B1054F6F3F61DD06C88D3F62FD75"
"Video002.jpg|52542|639162181135807810","A194C708109A2832F0B4875FC31881AF89F5B7FA1852951B7A15505EA420F971"
"Video014.mp4|5521403|639162102147951079","8DFC113005169E91098BFAF6E863AF0758809E3B372BE160B489C8CC8AEA8A78"
"Exhibit001.mp4|50786667|639162135409805268","A4D8DD0E36806052B1FD9A06DB9AB89A01E1F8AE86EB012EAFB855D81E4538CE"
"Video005.jpg|121692|639162198845204380","8A4F9E48B8B37D8C7B67FBCEF0F04A5A167FC2EB6ED42BDC8F8B2E9B105504AD"
"Video020.mp4|2565569|639162198988741730","EFB38492A6D1FFF7BCA5E6F7F5F91873E4534448FA1A2BDA3367D70CB8417F03"
"Video022.jpg|55654|639162181152734990","E7FC71F639F17AC50E4DCC8C7D9E8F6F49747E2774CF47A419BA0122834D6138"
"Video009.mp4|4170360|639161715677444071","0083CAF23379474294EE8F3C9C6763B0ADBB196AD4568386E6CAA996EFED98A8"
"Image001.jpeg|76218|639162102131906286","5ED6A6FCDDBD5B4B39925E87C25C5478D1B578A8F3BCB897B23BA28A8D3F63D8"
"Video027.jpg|80379|639162181156807849","5D8E6DBDC1C8DCF9C8FD5F139B27AF102DD024B098519F9E35E3212FAA6620D2"
"Video006.mp4|5294515|639161715976401759","EE8656AAE982CC5AEC909D8DEDE36A57A63FCC7B847AC95484A0184823A4F1A9"
"Video017.jpg|65669|639162181148719787","AA9F59F441A6F1476E5EE78716895B9CD563E64393C676AEAA9DDC6068F8C335"
"Image005.jpeg|273789|639161716129767381","621F91F69ED2348B1E0CF6585BE1C85E8D789065776181DD74AC32D25C31B413"
"Video025.jpg|62095|639162181155015274","63B9AA10AEADEE1AD9ECF770D2C097A9CB20BDB5F63E3915F30A4788903B5906"
"Video012.jpg|58316|639162181144858858","B5BFE24616081248E14F591E3CC432C189D1B0E02E5B151E1EA80B95933EA0C6"
"Exhibit001.jpg|73087|639162181132468716","8E63E4F7E9020C36D4CAA71451DF42473FBDB0B153B5DD5F3360CFA3DB37AA66"
"Video026.mp4|2858642|639162199027488047","B00C69C74A741FB8493F4971A07C405F6D045421E80E6727CDEEBB162E9071A5"
"Video021.mp4|3806752|639161770641561409","2BD91B8195866610D4B0B380BFE9ACC1D8A0A5A8F2740BEE693C3DE298E90142"
"Video016.jpg|42483|639162181147927450","084B9D277522743EE5AA45AC48D761D5667ADDC58063C97ABFCFC7DC8418AAB5"
"Exhibit002.mp4|7468883|639162198777757636","98529E31BAAB68375FA4975653FA37035465C8CA00EC3D79375CA3F59BE42FF0"
"Exhibit003.mp4|19540607|639162198807504495","27CDA724DD8153CF8FAF4C96740AAF0A6D0F435F5854E078A24785D56C686BE2"
"Video001.mp4|3866613|639161715424532351","AB19ECDD6C81841459DAB658C6439A9289625E409891E06200B6EBB0E6AD45FD"
"Video023.mp4|2509307|639161770471461941","1BF061D0B53250F58108136C8F680B116B20C9899CA7EAFF2E14787D82B65EB0"
"Image004.jpeg|108453|639162102136563321","28FE2EC96848E465D2E2274AF22D1ABBF9F45DFDB5991E1F3396E86227972E85"
"Video009.mp4|4170360|639162198892673536","0083CAF23379474294EE8F3C9C6763B0ADBB196AD4568386E6CAA996EFED98A8"
"Video010.jpg|96576|639162198893651306","8E889EDD1769B8BAFC72D0FB0986E86D06A1DFE91BD79AEB59C99F2C486FDBD0"
"Video012.jpg|58316|639162198912884059","B5BFE24616081248E14F591E3CC432C189D1B0E02E5B151E1EA80B95933EA0C6"
"Image002.jpeg|151938|639162102133238937","4E7B7E034A8F9A169DE49D240986CF52455DD42A02719B88B37626B34D9CCE76"
"Video015.mp4|4429622|639162102154976298","61DE23E002997C8A251155E1A68A6270763B80A414AA7E7A1076867FF689343D"
"Video023.mp4|2509307|639162199007673376","1BF061D0B53250F58108136C8F680B116B20C9899CA7EAFF2E14787D82B65EB0"
"Video003.jpg|70230|639162181136530530","351A7AAFE5CF961BCD07AC9ACCA4B58E64374EF9F37BEA6D14D2A0A9D5CBF320"
"Video014.jpg|52350|639162181146452710","35B06315A6B111E7506BE6C7A6CE0CF9FF536E7D97C3A8562B5BFBCFBB8E59EE"
"Video004.jpg|100345|639162198839835593","DD4703580A55148D9326355C4DCEBAB46F3A819195AE3970335D0F3BACE192B8"
"Video006.mp4|5294515|639162198860865696","EE8656AAE982CC5AEC909D8DEDE36A57A63FCC7B847AC95484A0184823A4F1A9"
"Video023.jpg|60079|639162181153448695","875390E683D29B48E7331154AD7AA3FE346CDAA3DFC47EE5B6BD86F70B090F24"
"Video024.jpg|31663|639162181154112655","AC89F8D81EA1135A65C45A0E836831055726D75008F34BEFDB4CD5449DD59718"
"Video008.mp4|5497027|639161715721612843","43B6A219C9649249A3CCFA9BFE910C539202B5E398B0E7FF2B5F47D1D5832706"
"Video007.mp4|9754322|639162198875784163","C58CC839D1E6A8985997D9D42C664F00F9A6151408CCFBCD6141B507E966D7C2"
"Video018.jpg|172008|639162181149725675","75A273C67A69DDFA38D10B4CCF5437D729583474A6AA445D18E5384000CE0DAA"
"Video013.mp4|1832652|639162198924843570","36B766346CE899540EA1615733D06A13744F6D22F09EEBD282520F75CBBE159D"
"Video004.jpg|100345|639162181137299657","DD4703580A55148D9326355C4DCEBAB46F3A819195AE3970335D0F3BACE192B8"
"Video024.mp4|1451182|639161770974200710","0E00964C7D4964A8AFAB4DACBEFA877D440C3EFC7A5658CAFFEECABA4E909A5B"
"Video005.mp4|3889458|639161716035872352","04CAB70CAE57CB48C3DDE7C10E6E0EA86110413978912F678CAECAA11ECF5233"
"Image001.jpeg|76218|639162198808454611","5ED6A6FCDDBD5B4B39925E87C25C5478D1B578A8F3BCB897B23BA28A8D3F63D8"
"Video011.jpg|158644|639162198902708604","C566102302F183845898A3238605478112CCBBD01F194A68701DC5513AF0CB25"
"Video013.jpg|63588|639162198921177469","A82EDDCD1B371F096689F5B336173734253A8CBDA27F799266EDC62D76E66F27"
"Video027.mp4|3951714|639162199036284178","26BC5BA1DBBBF8EC05F220B9EBCF5631D8A1481F178D96E93AAF9B3F05579B48"
"Video007.jpg|82585|639162181140064082","9F2CC3675702C7F4832089B5BF06F2A7B8A8973B797BEF45F48ACAB62EE9F3A3"
"Video014.jpg|52350|639162198926008620","35B06315A6B111E7506BE6C7A6CE0CF9FF536E7D97C3A8562B5BFBCFBB8E59EE"
"Video026.jpg|70818|639162199022602157","D9EFE2B33F9A0E18DD592A465F08D9F42E4CFE2B7C6F61F63143C24F96B32005"
"Video007.jpg|82585|639162198861812507","9F2CC3675702C7F4832089B5BF06F2A7B8A8973B797BEF45F48ACAB62EE9F3A3"
"Exhibit002.jpg|121338|639162198764426246","9610C6B7FE9E082664F9207E8D0A4DEA32751C6929BA4FF55A50CB834D2EA92A"
"Video001.jpg|90708|639162181135075782","28B3B7F5FD6120DC0685B9DEB4B1729F28D7077C2F5483F2844C94D3F0CEE72C"
"Image003.jpeg|269366|639161716074485070","654CF9DEB310867B896256DA97361FB6C5197C28552617BE75DF167DA5C5215E"
"Video018.mp4|9123356|639162198975628904","1BD0FFB706709D7FFD5EC5A9DB2569C9C9DFF37B9DFD5F476B627B48ED428F39"
"Video010.mp4|4839609|639162198901556525","AEBAAC9F350A4C537C240276A4F6894FDA4EFB5DC99436B115EAB3F6ACBF8C94"
"Video020.mp4|2565569|639162102191488896","EFB38492A6D1FFF7BCA5E6F7F5F91873E4534448FA1A2BDA3367D70CB8417F03"
"Video003.mp4|3181392|639162198838639265","369EFF2BDB4E5DF8A33B9CDB583C0D3D4CD25032A50BA0A5E5A0132C1C67A5F7"
"Video005.mp4|3889458|639162198850605162","04CAB70CAE57CB48C3DDE7C10E6E0EA86110413978912F678CAECAA11ECF5233"
"Image006.jpeg|281921|639162198817663398","A50C9253982418E6408BB03DB08A4C3A2167AECDD8B5C750DEDB304614A249F6"
"Video006.jpg|110088|639162181139152971","8F685292AA240FF65B5775CDB2F344D48B5BB511C314444459031270A5B42269"
"Image006.jpeg|281921|639162102135351563","A50C9253982418E6408BB03DB08A4C3A2167AECDD8B5C750DEDB304614A249F6"
"Video022.mp4|3996528|639161770810424290","13CE59E2FEB8F9FF242EBC9D824A3D4074C0A993F3DF43A8F2A13069CA87B0C9"
"Video004.mp4|2588529|639162198844105990","0504BD3AF762B05428AAE9056E0BC26C2EC00D5C6D08DF357C20C48E180F9165"
"Video008.jpg|62482|639162198876583335","8728F3C5DE38E64B8BC7CC3DDB5E2F11F194E9871C7C450AAC2BD4112BF6A2E9"
"Video017.jpg|65669|639162198955287932","AA9F59F441A6F1476E5EE78716895B9CD563E64393C676AEAA9DDC6068F8C335"
"Video011.mp4|6602379|639161715487724015","4815B6E96274F5F33887A9E7A5BFB167F73B2102D14C64BD703B7A3218320E2A"
"Video022.mp4|3996528|639162199002423300","13CE59E2FEB8F9FF242EBC9D824A3D4074C0A993F3DF43A8F2A13069CA87B0C9"
"Video002.mp4|2604876|639162198831359015","98029952247669E415080E294B3836E16801D4553994B722CC938FF7A2BFD9BF"
"Video019.mp4|3114412|639162198982535337","70BB982F60ECD20350C5BDC05EB77D2CD126428DB9B746F3559B2D75F913335D"
"Video002.jpg|52542|639162198826939251","A194C708109A2832F0B4875FC31881AF89F5B7FA1852951B7A15505EA420F971"
"Video016.mp4|5863931|639162102164401754","B1DA29C332CAA97DBD31C7EA2F3CC71271F0164D9508947B58AE56438F7D640F"
"Video013.jpg|63588|639162181145632133","A82EDDCD1B371F096689F5B336173734253A8CBDA27F799266EDC62D76E66F27"
"Video019.jpg|65669|639162181150504816","AA9F59F441A6F1476E5EE78716895B9CD563E64393C676AEAA9DDC6068F8C335"
"Video011.mp4|6602379|639162198912037264","4815B6E96274F5F33887A9E7A5BFB167F73B2102D14C64BD703B7A3218320E2A"
"Video002.mp4|2604876|639161771252461828","98029952247669E415080E294B3836E16801D4553994B722CC938FF7A2BFD9BF"
"Video012.mp4|4718080|639162198920314239","7B8260AFDACECD944A9C5C1997BB96FAFED59D5761C406D8E8E77A0D0126FC90"
"Video010.mp4|4839609|639161715630629783","AEBAAC9F350A4C537C240276A4F6894FDA4EFB5DC99436B115EAB3F6ACBF8C94"
"Video003.jpg|70230|639162198832525788","351A7AAFE5CF961BCD07AC9ACCA4B58E64374EF9F37BEA6D14D2A0A9D5CBF320"
"Video009.jpg|114368|639162181142138530","CC9123D144A76EA722E19507DB98EEA5980EF0D00B9DD7ADE8881F65F748F719"
"Exhibit002.jpg|121338|639162181133557401","9610C6B7FE9E082664F9207E8D0A4DEA32751C6929BA4FF55A50CB834D2EA92A"
"Video018.mp4|9123356|639162102182587222","1BD0FFB706709D7FFD5EC5A9DB2569C9C9DFF37B9DFD5F476B627B48ED428F39"
"Video014.mp4|5521403|639162198934840825","8DFC113005169E91098BFAF6E863AF0758809E3B372BE160B489C8CC8AEA8A78"
"Video012.mp4|4718080|639161770405527387","7B8260AFDACECD944A9C5C1997BB96FAFED59D5761C406D8E8E77A0D0126FC90"
"Exhibit003.mp4|19540607|639161715862507714","27CDA724DD8153CF8FAF4C96740AAF0A6D0F435F5854E078A24785D56C686BE2"
"Video016.mp4|5863931|639162198954387838","B1DA29C332CAA97DBD31C7EA2F3CC71271F0164D9508947B58AE56438F7D640F"
"Video024.jpg|31663|639162199008503759","AC89F8D81EA1135A65C45A0E836831055726D75008F34BEFDB4CD5449DD59718"
"Video009.jpg|114368|639162198885950301","CC9123D144A76EA722E19507DB98EEA5980EF0D00B9DD7ADE8881F65F748F719"
"Video026.jpg|70818|639162181155798898","D9EFE2B33F9A0E18DD592A465F08D9F42E4CFE2B7C6F61F63143C24F96B32005"
"Video008.jpg|62482|639162181141131727","8728F3C5DE38E64B8BC7CC3DDB5E2F11F194E9871C7C450AAC2BD4112BF6A2E9"
